rat,toad
0.70018566,-0.91510236
0.26507252,-0.59769917
0.5763659,-0.91889775
0.8157829,-1.5968897
0.75280315,-1.1218386
0.7356789,-0.9522438
0.3653372,-1.2802861
0.7110028,-0.32657933
0.46830785,-0.78775465
0.8035804,-1.5012261
0.8445438,-1.7472318
0.8171662,-0.75290203
0.95770603,-1.4632828
0.4771995,-0.82734954
1.0512246,-1.9194002
0.15685497,-1.1960856
0.3716395,-0.47048193
-0.279547,-1.4680239
0.6562638,-1.2001293
0.4002555,-1.1335889
1.0857171,-2.1428757
0.29739898,-1.298581
0.51505053,-1.6308839
1.3180344,-1.2014645
-0.18989058,-1.1293108
0.4884684,-0.9384835
0.9610729,-1.3251823
0.2525249,-0.9044049
0.62415004,-1.408972
0.62124705,-1.8859117
1.2557571,-0.80678666
1.2797346,-0.8947523
0.2372811,-1.4955057
0.43648958,-0.71071106
0.8690191,-1.5194476
0.28673702,-0.9690424
0.3776142,-0.40846395
0.7959659,-1.0016642
0.62539595,-0.8438987
1.0467438,-1.5505028
0.6488424,-1.2730867
0.5315627,-1.2815028
0.67462623,-1.3673576
0.69472003,-1.0777589
0.51322556,-1.0732094
0.90269357,-1.2048874
0.21078162,-1.0188565
0.72078204,-1.2876322
0.71568716,-0.8731798
0.7546962,-0.92720556
0.86586064,-1.24863
0.5196677,-0.99088126
0.64661086,-1.5795132
0.5567862,-1.7241824
0.25623184,-0.5531173
0.46266854,-1.698609
1.0448028,-1.625064
1.1193883,-1.9368511
0.8368773,-1.5553136
0.4917245,-0.84048826
1.1862308,-1.5507932
0.57065094,-1.314617
0.27548677,-1.8375316
0.4951707,-1.2567663
0.54451704,-0.6810398
0.34031248,-1.2672672
0.5463929,-1.1394575
1.446139,-1.2084297
0.47780007,-1.0084978
1.162389,-1.7679585
0.77455467,-1.6495494
0.15104215,-0.80070364
0.48670626,-1.1734353
1.4590445,-1.650895
0.6195232,-1.2841146
0.9720671,-2.0510762
1.1331778,-1.1901872
0.8648233,-1.1820852
0.7511279,-1.4261522
0.81026924,-1.6212591
0.7960954,-0.8778432
0.55645895,-1.0996951
0.6015076,-0.90679944
0.43535286,-0.680055
-0.07838162,-0.57671803
0.45264292,-1.1026336
0.32308948,-0.7172667
0.5749683,-1.190756
0.22094874,-1.0232673
0.20601128,-1.1978467
0.2626623,-0.8106918
0.59284234,-1.8139952
0.16216041,-0.6567791
0.8200656,-1.0416831
0.77987003,-1.3402944
0.6887412,-0.8569539
0.55948997,-1.5400944
0.56069887,-0.96980935
0.7029224,-1.1430296
0.6446781,-0.9684535
0.46439642,-1.0752305
0.83083224,-1.6909451
0.5472419,-1.1010978
0.8740226,-1.6848075
0.6062895,-1.5338027
0.6455917,-1.4785262
0.23951931,-1.2617381
0.58366704,-1.5558687
0.68831277,-1.185856
0.025733918,-0.71149033
1.432836,-2.004695
0.8733974,-1.1335297
0.5739896,-1.137204
0.66456974,-0.6645919
1.1353037,-1.7379749
0.67743146,-1.1534412
0.8142064,-1.5043575
0.75613594,-1.7224159
0.3821903,-0.94546854
0.7266735,-1.1847435
0.2482544,-1.4958036
0.33255237,-0.9084946
0.18263648,-0.83863413
0.927572,-1.1487478
0.23710646,-0.65380895
0.5990699,-1.0721871
1.1825609,-2.123657
0.81525016,-1.1027433
0.7752589,-1.1395419
0.24416088,-0.8968922
0.8353113,-0.9264483
1.3879725,-1.5125407
0.318635,-1.3089185
0.35408986,-1.771686
0.26393676,-1.0120434
0.9590316,-1.149154
0.16232271,-0.831428
0.97258997,-1.7920437
0.35976064,-1.0017275
0.005177945,-0.51630425
1.0669696,-1.6563321
0.8587775,-0.9329417
0.26175827,-1.0260657
0.26209337,-0.7371068
1.1343033,-1.3229723
0.2451951,-1.9301368
0.74325955,-1.2521378
0.7988419,-1.4201723
1.1476693,-0.9443196
0.41348213,-1.2685908
-0.04701172,-0.6610701
1.0509341,-1.1950436
0.8804581,-1.3718764
1.2271048,-1.9019179
0.25515288,-1.5240147
0.6510334,-1.085109
0.24494465,-1.0137987
0.40613848,-1.5830435
0.37186927,-0.84535724
0.07838933,-0.95906335
0.026477888,-0.6571015
0.724293,-0.9030919
0.31764007,-0.89790696
0.6125522,-1.5681158
0.60639995,-1.0506845
0.5827843,-1.2743216
0.7043611,-0.86587036
0.9700191,-0.99297625
0.3381716,-0.973809
0.49492425,-0.76159656
0.1104871,-0.49059564
0.31031662,-1.1625326
0.8478943,-1.0132557
-0.008325845,-0.60624886
0.3872528,-0.82806814
0.6709775,-0.68519104
0.9445504,-1.2269406
0.8214411,-1.3029613
1.1588658,-0.4006974
1.2118381,-1.4446758
0.17586155,-0.76061684
0.6041211,-1.1792986
0.2532748,-1.1383395
0.29172122,-0.9578594
0.46004748,-0.9062646
0.46272534,-0.9000701
0.28715092,-0.8109194
0.596506,-1.2211748
0.9622557,-1.9297329
0.5316801,-0.92442214
0.27510118,-1.0038697
0.10199992,-1.6274275
0.62186646,-1.2473732
0.66900134,-1.0691444
0.33370548,-1.6744869
0.636336,-1.4769665
1.2474334,-1.8377986
1.142388,-1.4936628
0.35522705,-0.30000636
1.2810371,-1.4332083
0.6143135,-0.99205244
0.29803622,-0.80361015
0.76082414,-1.0844232
1.1807473,-1.2703723
0.12062119,-1.4340931
1.2119856,-2.0110497
0.65341485,-1.5302222
0.7800359,-1.1969075
0.9186856,-1.4784195
0.70557725,-0.93035036
0.33388066,-1.1972784
0.62065303,-1.2718493
0.06374821,-0.9096074
0.45678705,-1.7645038
0.93927157,-1.46021
0.73813486,-0.92624164
0.8752186,-0.9637622
0.07647627,-1.1230075
0.55214894,-0.9940737
0.2712472,-0.97001857
0.9207064,-0.8078265
0.5702112,-0.843128
0.8886589,-1.7883842
0.7122495,-1.278941
0.701344,-1.3778821
1.0134817,-1.4965553
0.8770017,-1.0825995
0.40681493,-0.9924135
1.1902642,-1.2513946
0.37123996,-1.692748
0.4221735,-1.4112531
0.585334,-1.2077026
0.66852075,-1.085338
1.3255895,-1.4381162
0.4655037,-0.9242851
0.4160713,-0.9242309
0.35475504,-1.538764
0.70127344,-1.4414934
0.83219147,-1.3249987
1.2682106,-1.5770979
0.64204586,-1.2233919
0.29246086,-0.6823417
0.48356414,-0.8235196
1.3426449,-1.817615
0.29636508,-1.1150516
0.68724245,-0.7435177
0.45608985,-1.3855723
1.097348,-1.5111319
0.47779447,-1.5488558
0.67770344,-1.0444545
0.17515069,-1.4626598
0.5577748,-1.9800457
0.92940366,-0.85849845
0.36098593,-1.0547639
0.47669244,-0.86451226
0.7540474,-1.0960898
0.57095635,-1.226515
0.55540407,-1.3033274
0.33808064,-1.1854541
0.86822474,-1.2112753
1.2910278,-1.3138242
1.1208243,-1.8433627
0.55409575,-1.1750689
0.48359305,-1.3732584
0.7557372,-1.3557775
0.5115699,-0.8499334
0.6670285,-1.4329938
0.7209385,-2.4437609
0.70586133,-1.7986172
0.5329786,-1.9737405
0.4288817,-0.7547836
0.15329538,-0.9539771
0.5095769,-1.554198
0.60154754,-1.1240793
1.9934225,-1.9272289
0.13670969,-1.5166552
0.20597579,-1.7261192
0.18909705,-0.860876
0.87851137,-0.7705081
0.14007689,-0.7929098
0.81810004,-1.4421178
0.5359319,-1.1731716
1.4866558,-1.8593409
0.4247455,-1.2047615
0.2469046,-1.1085019
1.0958515,-1.4855627
0.5221697,-0.776302
0.8587208,-1.3375931
0.73841786,-1.2185878
0.4211973,-0.97430146
0.16371387,-0.8569393
0.4352225,-1.0829875
0.7597531,-1.395754
0.5828561,-1.1115577
1.0085342,-1.479417
0.46365362,-0.29215297
0.7132791,-0.7344928
0.62035227,-1.2017562
0.23443721,-0.58137244
0.63050616,-1.5761745
0.11844991,-1.6641995
0.30956674,-0.67792696
0.64837086,-0.9986814
0.2968927,-0.7334999
0.19501592,-0.8134813
0.53203976,-0.11534066
0.8207165,-0.9375241
0.5407851,-0.9265883
0.17886418,-1.006809
0.4690804,-0.9568995
0.44130766,-1.3632405
-0.095989205,-0.8092956
0.74479014,-1.5053929
0.49648696,-1.1591352
0.41029978,-0.8712287
0.6063316,-1.2592667
0.33695525,-1.1883941
1.2777208,-0.824014
0.04779368,-0.88487923
0.30548286,-1.3583287
0.45312446,-0.91610223
0.5291491,-1.5593376
0.7854192,-1.4532979
0.23144357,-0.8396434
0.4753179,-1.0432667
0.6990948,-1.5147891
0.37657374,-0.9069723
0.51521254,-0.56227297
1.201556,-1.0382675
0.7324963,-0.7777587
0.76728344,-1.1656829
0.33316797,-0.95018214
0.44931275,-1.0905155
0.5328741,-1.404626
0.15297891,-0.94257045
0.1596694,-0.68508947
0.5717455,-1.065165
0.63141066,-2.4905584
0.5304429,-0.4401983
0.33937186,-0.69016975
1.3408916,-1.5171024
0.4446839,-1.3722209
1.3868363,-1.2497562
1.1679692,-1.2560054
1.0157876,-1.5611445
0.78624946,-1.1990712
0.44641405,-1.2691272
0.35751975,-1.6070849
0.7791059,-1.1403079
0.83003485,-1.1243453
0.57659,-1.6239682
0.40028566,-1.1415349
0.55306673,-0.68026924
0.020892218,-1.5526792
0.41658777,-1.2908982
0.80963457,-1.5525316
0.8600825,-1.4234372
0.5119221,-0.5105434
1.2496374,-1.8954368
0.49466413,-0.71959746
0.467575,-0.47402644
0.882591,-1.6442251
0.8611775,-1.0613259
1.5658367,-2.0407295
0.4409181,-0.87831223
0.24968536,-0.71206117
0.19521795,-0.82699174
0.36699975,-0.598791
0.7906859,-1.2243145
0.41534144,-1.0525094
0.8637109,-1.5354756
1.0816433,-0.478791
0.87476236,-1.3491273
-0.13953614,-0.8203102
0.7175075,-0.8555432
0.10855773,-0.34420946
0.8279326,-1.6188146
0.2123991,-1.2176272
0.5295543,-1.3248777
0.5160022,-1.1372178
0.81053466,-1.3829601
0.20357634,-1.5753186
0.9682473,-1.5656321
0.90171087,-1.2958496
0.83867615,-1.2202562
0.8906389,-1.0061171
0.76382375,-1.7133971
0.34280926,-0.7765213
0.38643372,-0.8631257
0.9791918,-2.4724529
0.33986175,-1.1595868
-0.26541325,-1.6853952
1.3259416,-1.7758651
0.2971264,-1.2392693
0.49165058,-0.6044443
0.9507371,-1.6005253
0.28022742,-0.80968285
0.8165823,-0.8641295
0.3538462,-0.70156384
1.0476185,-1.7856674
0.84960806,-1.1469346
0.89063615,-1.5406421
0.04118745,-0.7652257
0.5485093,-0.98302233
1.3400997,-1.2481847
0.41792327,-0.8641398
0.07638073,-0.9931151
0.7407922,-1.4534645
0.08281033,-1.0950243
0.92122924,-1.3165109
0.52303994,-1.6802988
0.57704693,-1.5295006
-0.16980611,-0.9460341
0.9771781,-0.9825959
0.46066624,-0.78976184
0.34540123,-0.6647376
0.46433854,-0.9605742
0.7657443,-1.4544969
0.7441317,-1.4935656
0.2747258,-0.7008648
0.46430087,-1.3423767
0.5317081,-1.2201259
0.44030637,-1.6376354
0.6922867,-1.1581213
0.90860695,-1.3482088
0.59842813,-1.4660894
0.38963437,-0.7075649
1.210635,-1.5738823
0.40231353,-1.4922273
1.0831518,-1.7617292
1.0297513,-1.9174409
0.41476,-0.8252512
0.51160717,-0.48596728
1.0806822,-1.3592899
-0.009272918,-0.68563485
0.9732106,-0.8316376
0.5475445,-0.9038067
0.49935853,-1.3103969
0.7033944,-1.2063591
0.16665863,-1.1067369
0.6603521,-1.0834172
0.4427327,-1.6922399
0.63693726,-1.3556526
0.18021494,-0.97139055
0.6888924,-1.6668963
0.47743392,-1.1113317
0.67052877,-1.5067629
0.15675189,-1.1583099
0.65741277,-0.76668906
0.3268926,-0.7363044
0.7067756,-1.469062
0.32558143,-1.1479663
0.5900768,-1.2377789
0.38854146,-0.9405526
0.28729862,-0.75760365
0.75205004,-0.53326815
0.9370059,-1.4158766
0.47281384,-1.2263658
0.055031434,-1.0143332
0.7216315,-1.0234171
0.02255185,-0.65605325
1.0118113,-1.5055155
0.6025523,-0.9739953
0.23280527,-0.57800186
0.7651191,-1.5897009
-0.049936756,-0.89814323
0.62472725,-1.3261698
0.66119105,-1.4085081
0.69935703,-1.5507655
0.65201193,-1.9519746
0.89117146,-1.1568203
0.89652264,-1.2740015
0.40825653,-0.72995377
0.3013656,-1.578971
1.0117269,-2.0799088
0.7062445,-1.4467528
0.56168425,-0.87481135
0.5913424,-0.99765193
0.85597897,-1.3480008
0.21688162,-0.7903429
0.35582542,-0.99694663
0.5084412,-1.2580342
0.25811476,-0.85163635
0.22757085,-0.7756148
0.33110726,-0.7379812
0.11059184,-0.44842923
0.8812326,-1.3977532
0.21137147,-1.0017705
0.8818695,-1.2644558
0.60561776,-1.2439083
0.17095585,-1.078611
0.488733,-1.3219694
0.91569185,-0.8028312
0.812081,-1.2341315
0.62354004,-1.4728279
0.6040251,-1.3483607
0.51506597,-1.2772073
0.6189473,-1.1376091
0.7305424,-1.0115285
0.93662655,-0.97384393
0.5952512,-1.0292999
0.7690095,-0.9693147
0.675337,-0.87442005
0.47323775,-0.99463946
0.71837616,-1.360132
1.4901574,-1.6228346
0.71042997,-2.1758544
0.2700234,-0.9356192
0.8794774,-1.6876796
0.068229035,-2.4100847
0.9201164,-1.3803867
0.6345996,-1.7826787
0.32790864,-1.2607081
0.86442256,-1.2839031
0.97898674,-1.4689449
0.32385778,-1.3102365
0.67476827,-1.8543904
0.24345918,-0.67598325
0.99275243,-1.95166
1.0924909,-1.9544995
1.0445477,-1.0179077
0.19819283,-0.9991987
0.2915401,-1.6514317
0.39161098,-1.2448584
0.7700975,-1.1619779
-0.115085796,-0.9685488
1.1404049,-1.5783672
1.4843428,-1.2411082
0.14371857,-0.7479415
0.95468724,-0.44553864
1.1131316,-1.2381984
0.3377239,-1.0735793
0.56129766,-0.93651783
0.48286343,-1.1949782
-0.11460675,-0.74278355
0.44152868,-1.399686
0.99079275,-1.5970689
0.67639625,-1.093256
0.9130556,-0.79388154
0.7468996,-0.5313371
0.57541466,-1.1233746
0.2634434,-1.1669135
0.8979536,-1.3703448
0.46645796,-1.4307735
0.84772956,-1.3803868
0.59819776,-0.65084124
0.30521262,-1.0026041
0.44638652,-0.95120895
0.093462005,-0.64629936
1.6449397,-1.7194015
0.6079102,-1.3139654
0.40718335,-1.2899498
1.1503477,-2.2281823
-0.30110204,-1.020932
0.8821139,-1.2854059
0.50777245,-1.4262605
0.88402057,-1.2413028
0.35597718,-1.174
0.43994796,-1.261742
0.61479414,-1.0195171
1.2578862,-1.7496254
0.28974736,-1.167997
0.48093188,-1.304524
0.78512084,-0.9594716
0.2635674,-0.9248605
0.36837018,-1.1540498
1.4169815,-0.94892186
0.7980753,-0.9084866
0.40101147,-1.0791852
0.9896805,-1.2451046
0.22540052,-1.1960044
0.29903024,-0.736701
0.14232922,-1.0181805
0.4427116,-0.97493666
0.47179055,-0.8833298
1.0975512,-0.8871605
0.63731134,-0.8945724
0.97013426,-1.3891641
0.79406077,-1.1819383
0.098503605,-0.57744515
0.5107914,-0.8004349
0.9265537,-1.2877098
0.056099564,-0.97344714
0.15370871,-0.9060366
0.57403356,-0.67105675
0.17443022,-0.5482113
0.48179698,-1.4029517
0.57227564,-0.6163521
0.25739902,-1.007064
-0.18466847,-0.6087185
0.50216186,-0.9895246
0.5083492,-1.7350287
0.362171,-1.6391723
0.19965419,-1.8503025
0.71426016,-0.9098705
0.50623345,-1.329789
0.38139218,-1.3644493
0.66159374,-1.4216533
0.5850043,-1.349335
0.49692595,-1.3778889
0.22130339,-1.4321101
0.7858094,-1.3151547
1.1519327,-0.6886717
1.1810906,-1.5538249
0.60495186,-1.2940223
0.41835594,-0.9683921
0.6620481,-0.83713615
0.27325273,-1.319349
1.0904742,-1.867556
1.0746851,-1.26814
0.016361602,-0.18766665
0.65205157,-1.374752
1.1230631,-1.5841306
0.19611423,-0.7261223
0.36201757,-1.0996149
0.3180282,-1.2874289
0.28023428,-0.7511312
1.2282338,-1.7136152
0.58667564,-0.56626856
1.196501,-1.8514698
0.25021565,-1.2456
0.28162956,-0.79102004
0.3854419,-0.6104002
0.6363453,-1.1860597
0.27536738,-0.97020054
0.36789948,-1.2543074
0.67556846,-1.1084746
0.055783033,-0.6135112
0.62396526,-1.4373497
0.65979785,-1.2449447
0.78379035,-1.0509509
0.26858717,-0.77297133
0.9503439,-1.0040443
0.37795252,-0.9039185
0.15240812,-0.9866631
0.43797588,-0.9130699
0.9580239,-1.2049284
1.0235121,-1.5516646
0.61314493,-0.8108689
0.30528086,-1.108207
0.47991514,-0.9238184
-0.43198842,-0.64422107
0.30074948,-0.69857585
0.11945504,-0.5977646
0.14688863,-2.1076746
0.3233462,-1.4021744
0.30628306,-1.1052204
0.6873109,-1.008094
0.4270739,-1.1266624
0.21647222,-0.62353396
0.7729492,-1.777905
1.3955579,-2.178581
0.68324965,-1.5138495
0.37729073,-1.4667771
0.6765524,-0.39959127
0.2681921,-1.3506107
0.67997,-1.0020798
0.6013852,-1.1309114
1.120256,-1.2367913
0.42480195,-1.3900551
0.35898232,-1.1260765
0.41650993,-1.3878092
0.32677054,-1.1184428
0.19067286,-0.6837118
0.121843025,-1.8730538
0.738701,-0.87019837
0.7002959,-1.6527034
0.51011145,-1.1146373
0.6309216,-0.9166293
0.3949306,-1.0594379
0.33429527,-1.0629741
1.3051335,-2.0461
0.07076354,-1.0210687
0.8512261,-1.516801
0.58713925,-0.98315096
0.61900264,-1.3714824
0.26875502,-1.2876679
0.89385283,-1.8690174
0.20588958,-0.78403735
0.63616645,-1.8338128
1.3255823,-1.823294
0.2802655,-1.1823683
0.7466839,-0.5532563
0.36776072,-0.78530955
0.96989346,-1.2354903
0.20685562,-1.2094318
0.74353534,-1.0645927
0.48317856,-0.40863347
1.7181425,-1.5286592
0.9463943,-1.4941752
0.6296049,-1.1434028
0.7582409,-1.1538339
0.5836618,-1.2009399
0.6363307,-1.2630819
1.0562019,-1.3265212
0.73312724,-1.0388625
0.65179795,-1.4649901
0.7359389,-0.801923
0.6010548,-1.1924103
0.3495214,-0.83706594
0.71681404,-1.6016257
0.34936005,-1.01099
0.9273902,-0.7949364
0.048842534,-0.6736157
1.284544,-1.7596033
1.5271472,-1.6960241
0.38545257,-1.3716924
0.5919585,-1.673523
0.66005945,-0.7103807
0.8371271,-1.4297681
0.5551207,-1.1465129
0.9499051,-1.2931043
0.48058152,-1.2291888
0.8946761,-1.2069
0.7425962,-0.74079394
0.4092294,-0.7627577
0.34453434,-1.0433207
-0.18314898,-1.2238231
0.4676736,-0.74994487
0.43441498,-1.0037781
1.0225909,-1.3524879
0.090706214,-1.0223637
1.2589259,-1.437373
0.8839712,-1.1592017
0.4681729,-0.8468756
0.09266268,-0.9776873
0.66418004,-1.204289
0.59651595,-0.91152346
0.22594701,-0.728148
0.939443,-1.6237918
0.63531005,-1.574105
0.45011014,-0.6856417
0.24023391,-1.3982767
0.8958403,-1.4353446
0.7560001,-1.3526452
0.83223706,-1.3117611
0.75389206,-1.3588295
0.963266,-1.0090301
0.45211983,-1.0343839
0.35411727,-1.1480963
0.49343598,-0.8848304
0.7095106,-0.9461883
-0.10332972,-0.5013527
0.18839616,-0.8061801
0.7703322,-1.1370711
0.69968474,-0.8398691
-0.23712829,-0.44567814
0.16683428,-1.0269803
0.8000765,-0.9705223
1.1689126,-1.5177497
0.13392498,-0.7144827
0.88309646,-1.5351875
0.67697436,-1.1054713
0.29126775,-0.5097819
-0.26951945,-1.3817369
-0.04405786,-0.61205864
0.83083516,-0.99452037
0.5644273,-1.1257428
0.55568385,-1.1967121
0.31755632,-0.697721
0.78521955,-1.3163126
1.0369217,-1.5084312
0.42154765,-1.0011253
0.34371424,-0.9427322
1.1583127,-1.6932247
0.40334928,-1.0313675
-0.028119817,-1.3000158
0.580264,-1.4126052
0.85546184,-1.2818543
1.640607,-1.7783251
0.6806543,-1.0625837
1.1422299,-1.4367815
0.5888978,-1.2438114
0.6856081,-1.3891724
1.1135054,-2.00032
0.37726432,-1.1736482
0.41918743,-0.88599265
1.0152167,-1.9673272
1.2360575,-1.9045376
1.0054998,-0.71072125
0.7271697,-1.1077265
0.34142613,-0.54285145
0.90165365,-1.9450268
0.9164524,-1.6274164
1.2358017,-1.5877966
0.5218324,-0.58688265
0.40489662,-0.38073075
0.91224664,-1.3814172
0.9672123,-1.1711837
0.2139431,-1.1463425
0.2873671,-0.9238528
0.72336876,-1.639551
0.2791226,-0.43548578
0.40642905,-0.9559326
0.07934348,-1.016628
0.27727884,-0.9537505
0.399262,-0.9113215
1.375689,-1.7317607
0.9670471,-1.1163473
0.5274263,-1.0756474
0.9869162,-1.0943944
0.14889409,-1.1042612
0.8429167,-1.9356651
0.38247377,-0.8981187
0.7165393,-1.0742862
0.6271184,-1.3581172
0.08059801,-1.3390974
0.38455164,-1.0456412
0.11351474,-1.0956261
0.27652603,-1.1413221
0.7117479,-0.74856156
0.086874366,-0.5840989
0.7706734,-1.0582271
0.9397789,-1.2705704
0.8361622,-1.3125755
0.3442517,-1.3469056
0.4370885,-1.4723648
1.1025484,-0.7032603
0.6289613,-1.3868942
0.43064523,-1.3315312
0.43747693,-1.1982958
0.77967155,-1.1973312
1.008084,-1.1018852
0.17688459,-0.96864915
0.6117841,-1.1510513
1.0126846,-1.310135
-0.033656016,-0.78466696
0.49070847,-1.9160037
0.09580326,-1.6402056
0.5856889,-0.96701366
1.0749002,-1.5653673
0.80464125,-1.3129828
1.6974311,-1.794897
0.67059356,-0.97281486
0.05553992,-1.1247029
1.0992707,-1.7114563
0.45988387,-1.0335793
0.6117143,-1.2320933
0.44577038,-1.1002105
0.4301839,-1.5967808
0.20821512,-1.3278633
1.1886954,-1.7562749
0.5770539,-1.2629684
0.03404513,-0.9306307
0.35760188,-0.86237764
0.55576044,-0.8522402
0.7748962,-1.2532737
1.057965,-1.54381
0.9078001,-1.0101552
0.42818117,-0.8292034
0.71556723,-1.3449905
0.538725,-1.014951
-0.14071327,-1.1655391
0.4020282,-1.6681186
0.7560777,-1.2068778
0.8361233,-1.6098301
0.491861,-0.846315
0.46984416,-1.3165827
0.96437347,-1.977772
0.7689197,-1.5477849
0.25846612,-0.84915304
0.4111846,-0.9117459
0.3508538,-1.2622222
0.40058845,-0.7537691
0.2879783,-0.56040215
0.73058033,-1.1965702
0.74368834,-1.197707
0.62990683,-0.9016009
0.58328396,-0.95239747
0.77676266,-0.7560904
0.44155604,-0.6295254
0.5544554,-1.0377427
0.33376783,-0.92497826
0.7748285,-1.5178897
0.13927785,-0.72412586
0.43215895,-0.8404027
0.2768128,-1.2601497
0.5347698,-0.79166055
1.3011475,-1.2510614
0.61085206,-1.1741648
0.31690168,-1.1454626
0.94142365,-1.4744174
0.32560718,-1.3493752
0.3397345,-1.9535388
0.4479578,-1.1603161
0.8414236,-2.0222952
-0.017028138,-0.59581965
0.3262216,-1.0690519
0.20719779,-1.0938944
1.1800082,-1.3244159
0.47087348,-1.0365313
0.30471975,-1.0050864
1.5272617,-1.4542012
0.40799797,-0.93358094
0.49838382,-1.3875632
0.3898421,-0.8257152
0.5377148,-0.34645867
0.061403766,-1.2835817
0.5698471,-1.4289808
-0.13220046,-1.4245796
0.7106553,-1.4224553
1.4434066,-1.7336689
0.3624466,-0.89074063
0.37351108,-0.9345884
0.570805,-1.5455716
0.3118434,-0.796755
0.91934717,-1.2746449
0.035997316,-1.3373015
0.6850904,-1.4385474
0.54215235,-0.9615413
0.2956918,-0.9933144
1.2074566,-2.0530193
0.8161645,-1.2823261
0.7584703,-1.1769779
0.7563689,-1.6593618
0.5251239,-1.2819927
0.6436723,-0.6908688
0.30151606,-0.79212123
0.14681166,-0.45617074
0.6522234,-1.1851786
0.65913177,-2.0666795
1.0303535,-0.9781433
0.7478446,-0.83702093
0.59311545,-0.61485475
1.0436536,-1.5151713
0.906566,-1.5723058
0.4447533,-0.75778884
0.5421101,-0.68301666
0.7980868,-0.78523076
0.20771024,-0.51177454
0.6550332,-1.0363119
0.41771472,-1.1789124
0.50777495,-1.0687075
1.0532427,-1.2784219
0.24839865,-0.6469736
0.5273419,-1.2360917
-0.02920948,-0.5797812
1.1162266,-1.4939197
0.7009568,-0.9140118
0.33317173,-1.1296141
0.9790921,-0.9935715
1.0877346,-0.5833982
0.6509021,-0.68052846
0.59517986,-1.0903275
0.23418726,-0.5096949
1.0002135,-1.337552
0.3861205,-2.0511627
1.8123758,-1.7577674
0.9619737,-1.0306569
0.47752345,-1.1343862
0.18930767,-1.6784039
0.08558211,-1.4016438
0.37918794,-0.65353465
0.40991002,-1.1811389
0.17640947,-1.0497689
0.5398181,-1.2427695
0.4583922,-1.2052312
-0.10461052,-0.8297899
0.31567258,-1.6515243
1.279301,-1.8642783
0.79216754,-2.0010512
0.9129248,-0.8538681
0.7261703,-1.186508
0.7884317,-1.5120721
0.21811856,-1.6384057
0.5759883,-0.7994118
0.16243489,-1.3830764
0.5526345,-0.9308537
0.47020775,-1.0935906
0.64654696,-0.7879044
0.7496575,-1.061028
0.2777055,-1.0818264
0.017380968,-1.4600347
0.8960302,-1.1894931
0.8526252,-1.0520573
0.8101523,-1.5903559
0.5520452,-1.0732889
0.9232203,-1.3547705
0.33995426,-1.111028
1.4300416,-1.1126211
0.038603112,-1.6260065
0.40853864,-1.1308448
0.4583817,-0.855799
1.1528838,-1.8488518
0.95186985,-1.566403
0.32739145,-0.9019145
1.035888,-1.9183145
0.31600744,-0.5012159
0.6846988,-0.9870533
0.9958236,-0.8527523
0.56730974,-1.0759472
0.7209847,-1.3018426
0.6201912,-1.262873
0.42955828,-1.1210353
0.5447414,-1.0728247
0.6155291,-0.86094654
0.35656518,-0.49834827
0.73852783,-1.0568377
0.31346285,-0.7666865
0.33619213,-1.0491087
0.5980363,-0.8377199
0.41502154,-0.8781184
0.4612965,-0.83654314
0.50109005,-1.059311
0.24091624,-0.9359857
0.74195117,-1.4388905
0.80789423,-0.8974225
0.24111886,-1.3726991
0.8439828,-1.5610586
0.9254675,-1.2355331
0.2516777,-1.4528656
0.4943812,-1.7608603
-0.15474859,-1.429481
0.35581553,-1.1821017
0.19014029,-0.49157378
0.87465835,-1.5498757
0.64130265,-0.9421594
0.37130052,-1.3211449
0.15964773,-1.1691785
0.4045143,-1.0863202
0.36284715,-0.63722765
0.5146421,-1.5586163
0.51061314,-0.9073409
0.39157265,-1.1544144
1.0395715,-1.4476736
0.6743269,-1.0115885
0.33097404,-1.3659506
-0.14513749,-0.8018961
1.2909533,-1.4179115
0.3138911,-0.6287149
0.66805756,-1.2234087
0.7499101,-1.4226735
0.51224077,-0.560464
1.1624084,-1.596145
0.38795853,-1.0589628
0.66752714,-0.9167754
0.83990455,-0.84961444
0.36705714,-0.6042066
0.6409576,-0.73729026
0.71032274,-1.0121046
0.14655387,-1.1172271
0.61328316,-0.91519165
0.6023129,-1.1400183
0.8289243,-1.976322
0.5330031,-1.0899101
1.1253161,-2.1245563
0.9219981,-2.008445
0.47447377,-1.2070496
0.49666268,-1.6632521
0.9647914,-1.5134516
1.0735,-1.561029
0.10269834,-1.4882549
0.6017028,-1.4038341
0.8243905,-1.3969889
0.42229974,-0.99635386
0.333448,-1.3920784
0.47766912,-0.83383405
0.30543017,-0.9237659
0.9474639,-1.2706126
0.77749616,-1.4200895
0.58297324,-0.90001154
0.053571686,-0.8737863
0.62962294,-1.1114756
0.82025445,-1.1387253
0.42945802,-1.4332771
0.5790073,-1.0766858
0.33857328,-1.0335813
0.23372556,-0.46497488
0.2001333,-0.66154504
0.87856656,-1.3205118
0.74773407,-1.4862816
1.0252966,-1.4299389
1.027527,-1.1995406
0.3825885,-1.5613307
0.5750455,-0.92035615
1.1414603,-1.3108199
0.38975263,-1.0420607
0.59044385,-1.2084569
0.13126446,-0.9549468
0.84380364,-1.6316456
0.53798985,-0.8993982
0.3563313,-1.6209614
0.29287148,-1.3944485
1.4779546,-1.0808055
0.9715097,-1.5874693
0.3610236,-0.6526515
1.1487842,-1.1391507
0.5793071,-1.2004725
0.009165049,-1.2828237
0.6220623,-0.9463059
0.0133333355,-0.6948298
0.20044897,-0.9476278
0.89796937,-1.337514
0.7731793,-0.7279687
0.44944525,-1.2607721
0.53930795,-1.5213382
0.33505124,-0.6466582
1.1386063,-1.0461068
0.52805245,-1.6751881
0.6222217,-1.0449591
0.47060788,-1.5053473
0.44287974,-0.9132998
0.6075344,-0.9133984
1.1700027,-1.2943856
0.44552302,-1.0732572
0.78876007,-0.9670039
1.2282472,-1.2970806
0.567048,-0.51755834
0.7515547,-1.258835
0.45804214,-0.9059091
0.7793146,-1.2899793
0.93153375,-1.6016103
0.8806893,-1.2522234
0.4904598,-1.3741896
0.60491246,-1.0967026
0.68018764,-1.5851208
0.24497284,-1.3324969
0.38915044,-1.1711233
0.66993904,-1.3299309
0.4444903,-0.563553
0.34808004,-1.5583218
0.4886949,-1.6080208
0.5947661,-1.6983337
0.5305675,-1.0485314
0.51187897,-0.79502285
0.6267008,-0.4995507
1.6365509,-1.989914
0.762172,-0.74768424
1.0499823,-0.68080556
1.1305451,-1.3407658
0.6431607,-1.1313009
0.7850218,-1.2992166
0.45215398,-1.16382
0.31858128,-0.55594325
0.5557802,-0.98691344
0.72971326,-1.0004348
0.25254798,-0.92699194
0.23005368,-0.52953714
0.5418012,-1.1025296
0.4928739,-0.3889718
0.37617552,-0.84802467
0.49229157,-1.2347199
1.0938897,-1.3105662
0.36166155,-0.82046854
0.6500253,-1.2757778
0.33086735,-0.8679929
0.09603961,-0.4674822
0.2717952,-0.54894483
0.14834653,-0.7797349
0.71833754,-1.0783833
0.7194282,-1.0543656
0.44458395,-0.82191896
0.29210174,-1.0952195
0.21548367,-1.609315
0.21579964,-0.781758
0.5989602,-0.9044832
1.6513233,-1.6363539
0.33562982,-1.0551338
0.8727597,-1.6483214
0.6120598,-0.74815816
0.7824011,-1.2634215
0.5417732,-1.2501056
0.40564907,-1.8264147
0.28058296,-1.8739148
-0.02611839,-1.3053236
0.61681885,-1.1003776
0.90713936,-1.9716482
0.20564067,-0.9635974
0.20558687,-1.3692096
0.28377712,-1.0597962
0.640844,-1.5688986
1.2094809,-1.4173974
0.23446096,-0.59545445
0.64689666,-0.75753224
0.25061685,-1.2065316
0.45713395,-0.8971548
0.40525532,-1.2645843
0.32462722,-0.67685485
0.3409434,-1.3458537
1.0691906,-1.9534695
0.7178234,-0.852631
0.06558715,-1.0172607
0.51506466,-0.8630755
0.25548255,-0.7777554
0.37937677,-1.1499403
0.07898174,-1.1203858
0.8725052,-0.7537614
0.24846928,-1.0625092
0.39102584,-0.6644999
0.39599246,-1.0205138
0.23920105,-0.91181296
0.6688881,-0.77795
0.597908,-0.9661875
0.62809205,-1.3399848
0.7741958,-0.9238795
0.2992382,-0.8037956
0.2667398,-1.0176606
0.54158294,-1.5521016
0.6399337,-0.8120637
1.0798106,-1.7380954
0.41585445,-1.3648773
0.3975157,-1.1471856
0.55942154,-1.8458102
0.3039108,-0.6425041
0.32900828,-1.220664
1.0362828,-1.406237
0.7235715,-1.0259541
0.53447807,-1.2497612
0.7228524,-1.2153066
0.19562525,-1.3286687
0.97968614,-2.0875664
0.9172693,-1.5154078
0.23863883,-1.1768987
1.1259012,-1.5768235
0.73840207,-0.92910755
1.039147,-1.3574109
0.43602616,-1.4735476
0.6668403,-1.3726029
0.23476546,-1.122721
0.47996914,-1.3196086
0.23961355,-1.0257035
1.1114866,-1.1315669
0.19877353,-1.1599649
0.7167993,-1.2988924
0.4129917,-1.0686293
0.6898299,-1.8528997
0.6509787,-0.6567302
0.39428288,-0.8318453
0.5082774,-0.9603921
0.61921763,-1.0369343
1.7911677,-2.192581
0.61268044,-0.9590676
0.47851717,-1.66602
0.48773342,-1.1373316
0.825783,-0.88420737
-0.28413862,-1.001112
0.5308733,-1.0238789
0.6586319,-1.1187241
0.94782835,-0.99940825
0.76137996,-1.5200655
0.33483434,-0.8203422
0.3958375,-0.7457603
0.23292466,-1.4063982
0.48495412,-1.0369091
0.515529,-1.063415
0.6674944,-1.1944405
0.8881167,-1.5533617
1.3563726,-1.8463553
0.79914194,-1.1982689
0.11772354,-0.4836734
0.34128582,-1.0036207
0.36413682,-1.1153983
0.61728424,-1.4143252
0.33592314,-0.7931028
0.26681423,-1.27726
0.6146552,-1.5053303
1.0975327,-1.3905873
0.9703034,-1.7775323
0.78674877,-1.236288
0.14242597,-0.578228
-0.18855743,-0.34597558
0.98599863,-1.311893
0.22498168,-1.2888614
0.6651329,-1.1931489
0.68477297,-0.941978
0.24102734,-1.986233
0.16118938,-1.1370968
0.7776096,-1.8676301
0.36667162,-0.7276818
0.41523296,-1.4855093
0.7275439,-1.3504219
0.5308131,-0.99857175
0.68715525,-0.8522756
0.95203924,-1.3986509
0.4750412,-0.9819498
0.8516928,-1.1385019
0.68284535,-0.97596943
0.22079782,-1.1049337
0.711682,-1.5230961
0.30708814,-0.86810255
0.28647822,-0.95796037
0.21430023,-0.49943078
0.87757236,-1.9934727
0.18555206,-1.0853988
0.55727965,-0.78464276
0.41960233,-1.3044877
1.0575364,-1.4363555
0.49416733,-1.1120694
1.1264217,-2.324545
1.0542156,-1.1217833
0.6041191,-0.95174336
0.5671745,-1.0075493
0.7071314,-0.9736268
0.6973203,-1.039785
0.40796363,-0.9326137
0.66463697,-1.8110487
-0.17372982,-1.2654573
0.4468366,-1.3418484
0.07236615,-0.8197727
0.648283,-0.76000667
0.56840163,-1.087533
0.41816682,-1.1455868
0.9974171,-1.2678161
0.22738935,-1.2222168
0.60300374,-1.1340538
0.7615788,-1.6758189
0.04755567,-1.3292567
0.33354574,-1.0044785
0.4418897,-0.71251786
0.2665618,-1.0094784
0.625538,-1.2193346
0.75286996,-1.7646025
0.39538425,-0.6369909
0.85403067,-1.6228073
0.4921456,-0.73017675
0.21233,-1.3039631
0.9241539,-1.789914
0.44087076,-0.6481375
0.41329265,-1.0801739
0.64107,-1.1565557
0.9999014,-1.6306015
0.68009853,-0.83624744
0.55806667,-1.1057863
0.36560363,-0.9247336
0.43991816,-0.7455669
0.6037748,-1.4924364
0.7289371,-0.98964727
0.48567897,-0.96340805
0.78525436,-0.7780402
1.5070515,-2.391565
0.48178577,-0.98446137
0.25130874,-1.3207229
0.64776534,-1.3024485
0.42022562,-0.99817604
0.835027,-1.7483433
0.59004146,-0.71043754
1.0693488,-1.3799254
0.5833713,-1.3597113
1.0702522,-1.6814126
0.6504084,-0.8143118
0.55297184,-0.9935249
0.7691314,-1.2909077
0.33180708,-0.8417871
0.47839975,-2.0858057
0.22899358,-1.5381131
0.338368,-0.69863725
0.95731175,-1.3201107
0.47735095,-0.9489195
0.6515897,-1.3508682
1.5195849,-1.8401291
0.57031465,-0.8831192
0.9633148,-1.4884864
1.0954537,-1.289881
0.27765185,-0.623307
0.6721394,-1.310663
0.64698267,-1.1569732
0.3314401,-1.8802372
0.32677054,-1.1184428
0.22830658,-1.1325707
0.5940865,-1.446354
1.3618647,-1.612886
1.1999931,-1.6050795
-0.07680376,-1.1573397
0.5293016,-0.8948451
0.4481246,-1.2984769
0.6480775,-1.53296
0.74115217,-1.3468696
1.1006145,-1.5864707
0.55967474,-1.6804612
0.40009624,-1.8121474
0.71635765,-1.1558692
1.2980115,-1.6965301
0.86578494,-0.9949231
1.1164781,-0.5452328
0.5542133,-1.0774008
0.53011465,-1.0383443
-0.03744805,-1.3855635
0.45491725,-1.000158
0.56628156,-1.7841146
0.71239114,-1.0451322
0.36877948,-0.5348953
0.7224175,-0.90305203
0.22896577,-0.70004225
0.35919148,-1.1540263
0.93455565,-1.1661981
0.66753423,-1.3375502
0.59350544,-1.5146352
0.20154543,-1.6029246
0.8481884,-1.5469354
0.5226997,-1.2558842
0.58033866,-1.1850874
0.57496184,-1.2597516
0.74799144,-1.4996362
0.42863113,-0.6773226
0.13318916,-0.95382565
1.095555,-1.7056992
0.51388925,-1.0533947
0.38549042,-1.1755108
0.50159144,-1.7629397
0.930717,-1.3423048
0.45297295,-0.86551845
0.53668857,-1.2375141
-0.46366042,-1.2378918
0.545117,-1.2501067
0.3069263,-0.7041324
0.3791284,-1.2525598
0.48923826,-0.4704583
0.5521529,-0.49833563
0.18358748,-1.6717039
0.35092115,-0.73260355
0.7567047,-1.2090901
1.0185057,-0.8079829
0.56605226,-0.48490155
0.6063763,-1.0261694
1.2271154,-1.3928313
0.50189924,-1.1360763
0.31760514,-1.8816171
0.9630052,-1.1396472
0.91684794,-1.5671566
1.1241903,-1.2033552
0.51561934,-1.285703
0.7881361,-1.8116306
0.46998918,-1.3915427
0.33612132,-1.0289854
1.2704797,-1.2346934
0.8980729,-2.298773
0.9962201,-1.1827272
0.06407252,-1.1571892
0.9180474,-1.2179589
0.96500486,-1.8901589
0.89796144,-1.1323217
0.52260476,-1.2640835
0.8088705,-1.9291127
0.76159865,-1.7829474
0.7044823,-1.4757898
0.5705217,-1.1295657
0.3393221,-1.4001718
0.49881464,-1.1344931
1.0337974,-1.7277341
0.72711444,-1.1689554
0.6096219,-1.5417533
1.5509783,-1.872993
0.3136025,-0.3622906
0.25487173,-0.49426427
0.5131662,-1.071675
1.3448268,-1.3776549
0.63630736,-1.5923123
0.75657296,-1.3322455
0.4265465,-0.95021427
0.61947316,-1.1030692
0.49888974,-2.3983476
0.81108856,-1.2705756
0.56221116,-1.1291682
0.45160276,-0.9206411
0.23476909,-0.6154655
0.6503656,-1.2747326
0.2574756,-0.30232856
0.86287534,-1.9288465
0.27228624,-1.176651
0.82152414,-1.5246862
0.15023981,-1.1454563
0.5391166,-0.78059304
0.5204253,-1.1485199
0.6585913,-1.2439644
0.7668369,-1.5275365
0.31711107,-1.9949055
0.6476789,-0.8340366
0.38252717,-1.0786729
1.2044611,-1.6969588
0.29025924,-0.5147223
0.28607857,-1.1161827
0.24494572,-0.83120877
0.43115026,-0.82577676
0.47283316,-1.3185015
0.3384285,-0.593431
0.7784848,-1.27762
0.69226027,-1.1028676
1.3328667,-1.0000732
0.33921587,-1.0027661
0.43803722,-0.7300833
0.8173053,-1.293938
0.5487453,-1.0911124
0.56358546,-1.0647291
0.95512867,-1.2912444
0.69826806,-1.4595246
0.18411238,-1.0495384
1.034565,-1.0885942
0.75136334,-1.407648
0.75462025,-1.28364
0.90008956,-1.0940725
0.7403307,-1.7818855
0.25061244,-1.0807316
0.3414715,-1.3651452
0.9006987,-1.1573145
1.3367412,-1.4741828
0.69850546,-1.4366946
0.096864626,-1.1102144
-0.11425438,-0.91850054
0.5752375,-1.0962255
0.35802245,-1.0556177
0.76870275,-1.153005
0.26379186,-0.7889459
0.3142522,-0.7913824
0.87106466,-0.9303446
0.26377165,-0.5934799
0.55287755,-0.9800364
1.157213,-1.6762483
0.7366065,-1.514973
0.730284,-0.6107521
0.9459146,-1.6663493
0.62095433,-0.987649
0.7433072,-1.0572388
0.5982758,-1.2105697
0.5028982,-1.1403334
0.41741294,-1.4269397
0.68276143,-1.8324243
0.6037487,-0.526214
0.032734625,-0.63061
0.86675715,-1.1547232
0.57470775,-0.9789773
0.69690084,-1.3614584
0.47429347,-0.6114264
1.0100671,-1.3580171
1.0105623,-1.7527828
1.217245,-1.5514419
0.86969864,-1.0683141
0.6502398,-1.4504836
0.5197291,-0.96334046
0.12160657,-1.2342118
0.20866142,-0.8949303
1.0145297,-1.3361086
0.45281196,-0.6782227
0.69324577,-0.52513504
0.39453351,-0.8385216
0.7749608,-1.4296101
1.3032162,-2.5544696
1.5273145,-1.92552
0.95712745,-1.6730276
0.30749053,-0.7753722
0.89705026,-1.1051593
0.35307902,-0.81633353
0.09365927,-1.1677794
0.77816194,-1.1129254
0.5067122,-1.0654238
0.024798274,-0.8023666
0.451384,-0.9792371
0.41550618,-1.2512635
1.2112885,-2.3382654
0.63994443,-0.9188466
0.40553188,-0.56133366
0.89207983,-1.4529357
0.26913685,-1.0865085
0.11098108,-0.9665468
0.3941543,-0.947076
0.2887094,-1.0728761
0.54947543,-1.1062438
0.6935375,-1.237218
0.45846182,-0.47516006
0.96876657,-1.5380267
0.042751193,-0.67647994
0.31176853,-0.8336886
0.27124774,-1.1625621
0.15306342,-0.87788045
0.84613943,-1.748618
-0.13237469,-1.1373425
0.22840025,-0.4485729
0.45125538,-0.96529895
1.4997942,-1.6584269
0.5491419,-1.4154375
-0.19250734,-0.24690431
0.5937652,-0.75821203
1.3211198,-1.9401853
0.6260402,-0.96112037
0.3333822,-0.7318616
0.36897254,-0.8469091
0.3563484,-1.7901005
1.1615723,-1.4782312
0.78127116,-1.4634471
0.48253965,-1.4625742
0.7025889,-1.1972574
0.6367825,-1.092826
0.79030204,-1.038264
0.26504034,-1.0410645
0.6692766,-1.3570023
0.5112207,-1.1039717
0.68255246,-1.373363
0.3900379,-1.1903645
0.43649137,-0.95739996
0.79543877,-0.97234046
0.45578653,-1.1763501
-0.26254997,-1.5586377
0.5291713,-1.0732322
0.8942753,-1.4318947
0.69366944,-0.6224792
0.60185134,-0.8605534
0.23656179,-1.3869798
0.6907125,-0.9343645
0.9489614,-1.1659315
0.61067975,-0.62593454
0.12287702,-0.993009
0.5156152,-1.2269647
0.53475636,-1.0980061
1.423435,-1.3463397
0.36224693,-0.78788936
0.52320397,-1.1268222
0.3677975,-1.0768859
-0.06963303,-0.5160756
0.18653987,-1.34621
0.9194565,-1.1065209
0.08567506,-0.90399677
0.5083544,-0.9119062
0.6774759,-1.3175895
-0.14112388,-0.86525714
0.87652916,-1.5762671
-0.048566237,-0.886448
1.1135569,-1.8201226
0.32468748,-1.0540491
0.9843148,-0.6243549
0.42562175,-0.65053165
0.35101515,-1.087045
0.68028,-1.2614423
0.7890079,-1.3622458
0.48004007,-1.3539801
0.61778903,-1.0908171
0.5440017,-1.6144408
0.3188179,-0.75615084
0.57164407,-1.2014934
0.9883208,-1.7853668
0.60090923,-1.0041882
0.12189706,-1.3150594
0.08968623,-1.0492584
0.21111363,-1.1456556
0.8128581,-2.0506501
0.14160101,-1.46953
0.9504334,-1.4165914
0.81025356,-1.7174504
0.2527929,-1.0656077
0.2418559,-1.4433794
0.34305465,-1.4065711
1.111026,-1.77846
0.73111415,-1.3412924
0.9263014,-0.8082376
-0.17208596,-0.7172296
0.38595355,-1.2052782
0.1936015,-0.79133594
1.0833035,-1.3867581
0.84238076,-1.6287504
0.35673374,-0.83350194
0.4888829,-1.1670071
0.78254485,-1.2959925
0.74652916,-1.0937154
0.6788479,-0.443703
0.20358871,-1.9693505
0.2027142,-0.50849533
0.69149673,-1.125713
0.46736836,-1.8082513
0.4132563,-1.0661532
0.49864024,-1.2586135
0.740429,-1.0510551
1.2335589,-1.5057584
0.6830964,-0.9333919
0.66312695,-0.92450345
0.18585333,-1.103285
0.2705773,-0.783694
0.55521184,-1.3006029
0.3781767,-0.93299407
0.7109723,-1.3536276
0.4610237,-0.91642475
1.467962,-1.9374434
0.48357046,-0.9641755
0.58974034,-1.1986833
0.39630133,-0.73521197
0.93379253,-1.6269248
1.1220511,-1.8258389
0.11093673,-0.5131944
1.6176519,-1.2466063
0.51126176,-1.0944299
0.7303146,-1.1795386
1.2211227,-0.7773895
0.31020796,-0.90177166
0.5325083,-1.2253019
0.021697968,-0.8937559
0.33314097,-0.79523635
0.17717068,-1.4146788
0.82517284,-0.6627834
0.18941358,-1.1794635
0.18262616,-0.5594247
0.81937385,-1.1209015
0.19528003,-1.8703996
0.5967634,-1.1501979
0.3441881,-0.8769842
0.38433272,-0.94999015
0.32000667,-1.0972952
0.69897455,-1.0449169
0.9291924,-1.4914109
0.7202927,-2.0911095
0.98799324,-1.9954262
0.41877884,-1.1007942
0.105812356,-0.6631386
0.12535465,-1.4863726
0.8042357,-0.875144
0.94529986,-1.4084461
0.7879764,-1.3372684
0.49558342,-1.6559902
0.17993762,-0.48178497
0.9164521,-1.9313982
0.38622373,-1.1354854
0.44255477,-1.0246049
0.83513165,-1.6123514
0.89404595,-1.5122916
-0.20765994,-0.74458134
0.53638697,-1.4585974
-0.33368647,-0.19966376
1.2604356,-1.4198374
0.7605745,-0.57982177
0.9435277,-0.7371317
1.0133727,-1.4432667
0.45601964,-0.9830428
0.25508124,-1.1284438
0.7342411,-0.89240646
0.6732163,-1.1550174
1.4371107,-1.3084029
0.15609004,-1.5891896
0.890668,-1.4064373
0.5451945,-0.9003342
0.8826313,-1.7387619
0.33327943,-0.9024288
0.86379576,-1.2591089
0.6611727,-1.4349546
0.56165195,-1.311891
0.46303743,-1.5342274
0.15608284,-0.9627305
0.66728574,-1.109149
0.13404422,-1.1455352
0.6532786,-1.5089257
0.29695195,-0.7869711
0.5978404,-0.82789713
0.7841604,-1.3304576
0.68276834,-0.54576886
0.8001094,-1.0992532
0.2805475,-0.94734097
0.34748584,-0.9244746
0.30271178,-0.52252114
0.6822144,-1.0791366
0.34671366,-1.1481433
1.4648254,-1.3318598
0.14464593,-0.43041706
0.8172257,-1.3971019
0.2480195,-0.11218191
1.0128125,-0.51784736
0.41004223,-0.9627281
0.67217517,-1.5199422
0.48913062,-1.3519017
1.2691991,-1.7422115
1.1560936,-1.082401
0.7389891,-1.1694783
-0.14703776,-0.54760253
0.9448116,-1.307317
0.33321643,-0.743035
0.6218338,-1.5878434
0.34366602,-1.1874182
0.3561588,-0.8628615
0.5127975,-1.1709657
0.38094538,-0.8641216
0.47611696,-1.4841888
0.5114943,-1.3189713
0.37625498,-1.1472226
0.30723637,-0.8394113
0.9512569,-1.3445481
0.17712979,-1.0871419
0.23661728,-0.96900094
0.50094604,-1.0066411
0.16312258,-0.69721854
0.7363882,-1.237972
0.8634018,-1.0928516
0.7025401,-0.61908627
0.7478994,-1.0899454
1.0013897,-1.1102723
0.3302073,-1.1133509
0.8568638,-1.3983665
0.47427285,-0.55522525
0.3447963,-1.1947384
1.8277625,-2.3537283
0.46499997,-1.1727526
0.6830215,-1.4044743
1.1194131,-1.4335198
0.70127887,-0.82208735
0.574768,-1.6520134
0.45726472,-1.605191
0.0006017238,-0.77812403
0.2480736,-0.60371655
0.91998386,-1.2512141
1.023489,-1.0978491
0.53465295,-0.65838075
0.6469558,-0.8541563
1.3040226,-1.5861669
0.8559691,-1.6454995
0.91211164,-1.0676248
0.40684217,-1.33739
0.20539404,-1.6334274
0.48463476,-0.90285677
0.5346375,-1.2396294
0.8394858,-1.5535592
0.12205918,-1.6910456
0.49303973,-1.0887303
0.37631708,-0.42400017
0.5359098,-1.2117653
0.27063566,-0.61261284
0.885307,-1.4507616
0.87187874,-1.8541691
0.68784004,-0.9727543
1.0505942,-1.92629
0.66007686,-1.377796
0.27997434,-0.88979125
0.21195729,-1.0495769
0.31017786,-0.2316606
0.6953277,-1.1119635
0.80331284,-1.2949859
0.19994847,-0.4702363
0.3918634,-0.9015316
0.39287502,-1.1514648
0.6567137,-0.693207
1.1464434,-1.3107679
-0.26209322,-1.4382417
0.31024444,-0.8480169
0.5870369,-1.0794029
0.7905122,-1.5162419
0.39527112,-1.6374614
1.3617836,-2.1319518
0.7148719,-1.1102977
0.67966163,-1.4443532
0.35226256,-1.2613379
0.41579092,-0.6939945
0.61073047,-1.5466226
0.6259953,-1.3991818
1.1005665,-1.3121887
1.143011,-1.6696693
0.44972956,-0.77591395
0.8177457,-2.0594254
0.36792135,-1.1122061
0.44083095,-1.2407397
0.56555116,-1.1790944
0.5093,-1.1724461
0.2851184,-0.8988966
0.6150821,-1.4339548
0.47309417,-0.47620887
0.7827642,-0.8559221
1.4256132,-1.9193627
0.33985764,-0.5859435
0.79235315,-0.9426416
0.7225588,-1.4210364
0.7736486,-1.474099
0.4969622,-1.2836537
0.7322893,-1.7299414
0.7009618,-1.0411702
0.73778147,-1.494157
0.63625383,-1.8475344
0.6750896,-0.90267736
0.5810987,-1.5442721
0.6016828,-1.6053325
0.5617716,-0.5920738
1.2542149,-1.5148302
0.62193763,-1.0022088
0.20287716,-1.6358013
0.20925878,-1.2619855
0.43992198,-0.85194635
0.6436954,-1.715408
0.87179226,-2.3466141
1.2970948,-1.9313188
-0.28684455,-0.6194574
1.2174095,-1.2582401
0.62297267,-1.1174886
0.47252882,-0.48643917
1.3613939,-1.6446023
0.53550565,-1.014469
0.38154858,-0.5913424
0.60502976,-1.3856105
0.21427725,-1.2354122
-0.15885396,-0.84822905
1.0171446,-1.4725882
0.77140045,-1.3128246
0.7982016,-0.884161
0.3653627,-0.8418228
0.053794518,-1.0331507
1.8097012,-2.565166
0.556831,-1.1572456
0.38368177,-1.2024931
0.48895663,-1.7328562
0.78058875,-1.0824624
0.53745186,-1.2743871
-0.11562203,-0.6774611
-0.35363036,-1.6938927
0.14691195,-0.6199673
0.88976836,-1.2505912
0.6749801,-1.4720173
0.91782266,-1.672956
0.8511467,-1.0846206
0.5001997,-0.8260571
0.11661476,-1.0697625
0.35825932,-0.7756479
0.25303644,-1.0252141
1.3225574,-1.6819375
0.9151482,-2.4891112
0.2828269,-0.6554314
0.5569658,-0.8546902
0.1725802,-0.5675152
1.0509263,-1.1574081
0.56088746,-0.8386195
0.19383179,-1.5786439
0.52059364,-0.7222432
0.504462,-1.4075594
0.20979789,-0.8585901
0.12018664,-0.95675796
0.71702015,-1.1042831
0.64872754,-1.552507
0.5164836,-1.6746042
0.5977059,-1.3133565
1.1073873,-1.5908335
0.7032156,-1.6438676
0.71647185,-1.0073115
0.06991728,-1.5980443
0.57007647,-0.7280625
0.6208427,-0.7987418
0.17409605,-0.7990335
1.1556512,-1.6318214
1.0202132,-1.3345183
0.60063916,-1.025096
1.5758021,-1.6275787
0.8239218,-1.4509131
0.8237881,-1.3028953
0.42324913,-1.4268482
0.14279954,-0.5671451
0.48522162,-1.0142134
0.6106556,-0.99790674
0.36888015,-0.76616246
0.2516688,-0.80250126
0.92346954,-1.6647247
1.0686256,-1.1879996
0.34286094,-0.79416806
0.54694664,-0.8828523
0.45875674,-0.7235671
0.8231925,-1.1310642
0.6587862,-0.8928996
1.0920006,-1.6808177
0.4397002,-0.8262136
0.11133863,-0.63052297
0.5207031,-0.84799445
0.41533923,-0.79885405
0.7242517,-1.0255936
0.28168285,-0.8158787
0.67724514,-1.2929358
0.44120693,-1.4366968
1.2173296,-1.53152
0.7821412,-1.024325
1.3345807,-1.3172059
0.6023499,-0.7891083
0.7209525,-1.5036162
1.0007896,-1.3004757
0.24704994,-0.9650218
0.16990007,-1.5426517
0.45419067,-1.1232159
0.59933186,-1.627054
0.8918447,-1.1853682
0.30912334,-1.6782521
-0.02091442,-0.56774116
0.5448513,-1.2654221
0.7682004,-1.1775563
0.37354773,-1.065842
0.76356924,-1.2288932
1.4490118,-1.5911505
0.4237597,-0.85050964
0.25786626,-0.98101115
0.6827553,-1.2819684
0.43816316,-1.3918723
0.5419276,-1.2625443
0.40436321,-0.78622675
0.67287034,-0.7119429
0.99408317,-1.2578326
0.7720206,-1.6167831
-0.07549522,-0.3129899
0.5222855,-0.7920616
0.36660504,-1.7270916
0.64976203,-1.709249
0.4054377,-0.6962621
0.45295995,-1.1253746
1.1895316,-0.84437627
0.81542975,-1.7898675
0.027028143,-0.5410593
-0.0016664416,-1.0432281
0.84794605,-1.3222666
0.6973275,-1.45874
0.8631489,-1.5376548
0.74624693,-1.3468171
0.13546883,-1.1446401
0.957385,-1.6923671
0.1308931,-1.1081644
0.9486847,-1.2838349
0.069733605,-1.0058993
0.5382704,-1.2565446
0.07959597,-0.7000097
